{
  "total_revenue": 106965466.59,
  "total_profit": 24828464.67,
  "total_orders": 39962,
  "average_margin": 23.21,
  "monthly_breakdown": {
    "2023-01": {
      "revenue": 3964912.6500000022,
      "profit": 933314.03,
      "orders": 1520
    },
    "2023-02": {
      "revenue": 3688489.119999993,
      "profit": 855085.9900000005,
      "orders": 1381
    },
    "2023-03": {
      "revenue": 4123504.009999999,
      "profit": 942071.1099999996,
      "orders": 1549
    },
    "2023-04": {
      "revenue": 4093765.400000004,
      "profit": 946057.4000000014,
      "orders": 1567
    },
    "2023-05": {
      "revenue": 5038149.580000005,
      "profit": 1170010.95,
      "orders": 1882
    },
    "2023-06": {
      "revenue": 4367955.359999999,
      "profit": 1005535.9500000007,
      "orders": 1652
    },
    "2023-07": {
      "revenue": 4169541.600000003,
      "profit": 942276.569999999,
      "orders": 1488
    },
    "2023-08": {
      "revenue": 3648166.6100000036,
      "profit": 858349.519999999,
      "orders": 1362
    },
    "2023-09": {
      "revenue": 3987100.900000008,
      "profit": 929337.9200000005,
      "orders": 1492
    },
    "2023-10": {
      "revenue": 4767073.460000003,
      "profit": 1129172.7000000018,
      "orders": 1748
    },
    "2023-11": {
      "revenue": 4246090.330000003,
      "profit": 992615.410000001,
      "orders": 1649
    },
    "2023-12": {
      "revenue": 4374297.100000004,
      "profit": 1022050.739999999,
      "orders": 1628
    },
    "2024-01": {
      "revenue": 4820366.3999999855,
      "profit": 1112316.3700000017,
      "orders": 1766
    },
    "2024-02": {
      "revenue": 4413567.7700000005,
      "profit": 1030720.5700000004,
      "orders": 1651
    },
    "2024-03": {
      "revenue": 4291158.010000002,
      "profit": 1003485.0500000007,
      "orders": 1651
    },
    "2024-04": {
      "revenue": 4515678.370000005,
      "profit": 1048582.5900000022,
      "orders": 1694
    },
    "2024-05": {
      "revenue": 5394146.000000003,
      "profit": 1236362.9800000004,
      "orders": 2022
    },
    "2024-06": {
      "revenue": 4689642.630000004,
      "profit": 1092409.3399999985,
      "orders": 1678
    },
    "2024-07": {
      "revenue": 4818645.390000002,
      "profit": 1105153.3599999985,
      "orders": 1778
    },
    "2024-08": {
      "revenue": 4355472.469999998,
      "profit": 1018858.0999999983,
      "orders": 1643
    },
    "2024-09": {
      "revenue": 4385343.740000005,
      "profit": 1030951.5399999993,
      "orders": 1686
    },
    "2024-10": {
      "revenue": 5213886.440000002,
      "profit": 1206922.4299999985,
      "orders": 1886
    },
    "2024-11": {
      "revenue": 4656666.249999997,
      "profit": 1071260.4499999988,
      "orders": 1691
    },
    "2024-12": {
      "revenue": 4941846.999999989,
      "profit": 1145563.6000000008,
      "orders": 1898
    }
  },
  "customer_segments": {
    "Retail": {
      "revenue": 13257586.590000005,
      "profit": 3611608.7300000074,
      "orders": 4932
    },
    "Corporate": {
      "revenue": 13796215.969999975,
      "profit": 2257651.4099999936,
      "orders": 5114
    },
    "Novelty Shop": {
      "revenue": 13084027.509999996,
      "profit": 4279834.070000008,
      "orders": 4960
    },
    "Computer Store": {
      "revenue": 13266862.970000032,
      "profit": 3195468.5600000047,
      "orders": 5002
    },
    "Wholesale": {
      "revenue": 13171958.020000061,
      "profit": 1729747.8099999977,
      "orders": 4883
    },
    "Supermarket": {
      "revenue": 13321802.399999974,
      "profit": 2640583.2199999946,
      "orders": 5020
    },
    "Restaurant": {
      "revenue": 13273612.499999994,
      "profit": 2897911.030000002,
      "orders": 4903
    },
    "Gift Store": {
      "revenue": 13793400.629999954,
      "profit": 4215659.839999995,
      "orders": 5148
    }
  },
  "date_range": {
    "start": "2023-01-01",
    "end": "2024-12-31"
  }
}